YEAR,MONTH,CRIME_TYPE,PARISH,DIVISION,TOT_CRIME_REPORTED,PENDING_INVESTIGATION,FATALITIES,TOT_AVG_CRIME_PER_YEAR,CRIME_RATE_BY_MONTH,CRIME_RATE_BY_CRIME,CRIME_RATE_BY_DIVISION
2018,April,Aggravated Assault,Westmoreland,Negril,4,YES,0,557,0.08,0.12,0.15
2018,April,Aggravated Assault,Saint Catherine,Greater Portmore North,1,YES,0,557,0.08,0.12,0.15
2018,April,Aggravated Assault,Saint Andrew,Waterhouse,1,YES,0,557,0.08,0.12,0.07
2018,April,Aggravated Assault,Saint Catherine,Ensom City,2,YES,0,557,0.08,0.12,0.15
2018,April,Aggravated Assault,Saint Ann,Ocho Ríos,2,NO,0,557,0.08,0.12,0.07
2018,April,Aggravated Assault,Saint Andrew,Norbrook,6,NO,0,557,0.08,0.12,0.17
2018,April,Aggravated Assault,Saint Thomas,Morant Bay,4,NO,0,557,0.08,0.12,0.22
2018,April,Aggravated Assault,Saint Catherine,De La Vega City,2,NO,0,557,0.08,0.12,0.03
2018,April,Aggravated Assault,Westmoreland,Savanna-La-Mar North,7,NO,0,557,0.08,0.12,0.17
2018,April,Aggravated Assault,Clarendon,May Pen North,6,YES,0,557,0.08,0.12,0.26
2018,April,Aggravated Assault,Saint Andrew,Harbour View,1,YES,0,557,0.08,0.12,0.09
2018,April,Aggravated Assault,Saint Catherine,Portmore Pines,10,NO,0,557,0.08,0.12,0.2
2018,April,Larceny/Theft,Westmoreland,Negril,4,NO,1,330,0.11,0.07,0.15
2018,April,Larceny/Theft,Saint Catherine,De La Vega City,1,NO,0,330,0.11,0.07,0.03
2018,April,Larceny/Theft,Saint Andrew,Waterhouse,1,NO,0,330,0.11,0.07,0.07
2018,April,Larceny/Theft,Saint Catherine,Lluidas Vale,2,NO,0,330,0.11,0.07,0.23
2018,April,Larceny/Theft,Saint Ann,Ocho Ríos,2,NO,1,330,0.11,0.07,0.07
2018,April,Larceny/Theft,Saint Andrew,Trafalgar,6,NO,0,330,0.11,0.07,0.06
2018,April,Larceny/Theft,Saint Andrew,Seaview Gardens,4,NO,2,330,0.11,0.07,0.08
2018,April,Larceny/Theft,Kingston,Springfield,2,NO,0,330,0.11,0.07,0.33
2018,April,Larceny/Theft,Westmoreland,Savanna-La-Mar North,7,NO,1,330,0.11,0.07,0.17
2018,April,Larceny/Theft,Clarendon,May Pen North,6,NO,0,330,0.11,0.07,0.26
2018,April,Larceny/Theft,Saint Andrew,Harbour View,1,NO,0,330,0.11,0.07,0.09
2018,April,Murder,Westmoreland,Negril,7,NO,7,1283,0.08,0.27,0.15
2018,April,Murder,Trelawny,Falmouth,3,NO,3,1283,0.08,0.27,0.26
2018,April,Murder,Saint Andrew,Waterhouse,4,NO,4,1283,0.08,0.27,0.07
2018,April,Murder,Saint Andrew,Olympic Gardens,8,NO,8,1283,0.08,0.27,0.08
2018,April,Murder,Saint Ann,Ocho Ríos,7,YES,7,1283,0.08,0.27,0.07
2018,April,Murder,Saint Mary,Oracabessa,3,YES,3,1283,0.08,0.27,0.14
2018,April,Murder,Saint Andrew,Seaview Gardens,8,YES,8,1283,0.08,0.27,0.08
2018,April,Murder,Saint Andrew,Harbour View,4,YES,4,1283,0.08,0.27,0.09
2018,April,Murder,Westmoreland,Savanna-La-Mar North,2,NO,2,1283,0.08,0.27,0.17
2018,April,Murder,Saint Catherine,Spanish Town,13,NO,13,1283,0.08,0.27,0.03
2018,April,Murder,Trelawny,Albert Town,6,NO,6,1283,0.08,0.27,0.33
2018,April,Murder,Kingston,Tivali Gardens,15,YES,15,1283,0.08,0.27,0.04
2018,April,Murder,Saint Elizabeth,Lacovia,5,NO,5,1283,0.08,0.27,0.26
2018,April,Murder,Saint Catherine,De La Vega City,11,YES,11,1283,0.08,0.27,0.03
2018,April,Murder,Saint Andrew,Lawrence Tavern,9,YES,9,1283,0.08,0.27,0.18
2018,April,Rape,Westmoreland,Negril,6,YES,0,630,0.1,0.13,0.15
2018,April,Rape,Trelawny,Martha Brae,4,YES,0,630,0.1,0.13,0.04
2018,April,Rape,Saint Andrew,Waterhouse,5,YES,0,630,0.1,0.13,0.07
2018,April,Rape,Saint Catherine,Lluidas Vale,7,YES,0,630,0.1,0.13,0.23
2018,April,Rape,Saint Ann,Ocho Ríos,3,NO,0,630,0.1,0.13,0.07
2018,April,Rape,Saint Mary,Belfield,1,NO,0,630,0.1,0.13,0.01
2018,April,Rape,Saint Andrew,Seaview Gardens,4,YES,0,630,0.1,0.13,0.08
2018,April,Rape,Kingston,Springfield,4,NO,1,630,0.1,0.13,0.33
2018,April,Rape,Westmoreland,Savanna-La-Mar North,6,NO,0,630,0.1,0.13,0.17
2018,April,Rape,Saint Elizabeth,Black River,5,NO,1,630,0.1,0.13,0.38
2018,April,Rape,Saint Andrew,Harbour View,1,NO,0,630,0.1,0.13,0.09
2018,April,Rape,Saint Andrew,Trafalgar,6,YES,0,630,0.1,0.13,0.06
2018,April,Rape,Saint Thomas,Yallahs,1,YES,0,630,0.1,0.13,0.15
2018,April,Rape,Saint Catherine,De La Vega City,8,NO,0,630,0.1,0.13,0.03
2018,April,Robbery,Saint Catherine,Spanish Town,2,NO,1,1908,0.12,0.41,0.03
2018,April,Robbery,Saint Catherine,De La Vega City,1,NO,1,1908,0.12,0.41,0.03
2018,April,Robbery,Hanover,Green Island,13,YES,0,1908,0.12,0.41,0.19
2018,April,Robbery,Saint James,Montego Bay North East,15,YES,7,1908,0.12,0.41,0.38
2018,April,Robbery,Saint Andrew,Molynes Gardens,14,NO,0,1908,0.12,0.41,0.24
2018,April,Robbery,Kingston,Allman Town,11,NO,0,1908,0.12,0.41,0.1
2018,April,Robbery,Saint James,Montego Bay South East,5,NO,0,1908,0.12,0.41,0.11
2018,April,Robbery,Manchester,Mile Gully,3,NO,0,1908,0.12,0.41,0.25
2018,April,Robbery,Saint Catherine,Independent City,2,NO,0,1908,0.12,0.41,0.25
2018,April,Robbery,Saint Andrew,Waterhouse,12,YES,2,1908,0.12,0.41,0.07
2018,April,Robbery,Westmoreland,Savanna-La-Mar,8,NO,0,1908,0.12,0.41,0.06
2018,April,Robbery,Clarendon,Hayes,13,NO,0,1908,0.12,0.41,0.13
2018,April,Robbery,Saint Andrew,Vineyard Town,9,YES,0,1908,0.12,0.41,0.09
2018,April,Robbery,Saint Andrew,Olympic Gardens,7,NO,0,1908,0.12,0.41,0.08
2018,April,Robbery,Saint Andrew,Gordon Town,12,NO,0,1908,0.12,0.41,0.09
2018,April,Robbery,Trelawny,Falmouth,8,YES,0,1908,0.12,0.41,0.26
2018,April,Robbery,Portland,Buff Bay,8,YES,0,1908,0.12,0.41,0.19
2018,April,Robbery,Saint Andrew,Duhaney Park,3,NO,0,1908,0.12,0.41,0.24
2018,April,Robbery,Saint Andrew,Whitehall,7,NO,0,1908,0.12,0.41,0.06
2018,April,Robbery,Saint Catherine,Spanish Town,1,NO,0,1908,0.12,0.41,0.03
2018,April,Robbery,Saint Andrew,Maxfield Park,9,YES,3,1908,0.12,0.41,0.19
2018,April,Robbery,Westmoreland,Negril,5,YES,0,1908,0.12,0.41,0.15
2018,April,Robbery,Saint Elizabeth,Junction,1,NO,0,1908,0.12,0.41,0.1
2018,April,Robbery,Saint Ann,Ocho Ríos,1,NO,0,1908,0.12,0.41,0.07
2018,April,Robbery,Saint Elizabeth,Junction,2,YES,0,1908,0.12,0.41,0.1
2018,April,Robbery,Westmoreland,Petersfield,12,YES,0,1908,0.12,0.41,0.09
2018,April,Robbery,Kingston,Tivali Gardens,11,NO,0,1908,0.12,0.41,0.04
2018,April,Robbery,Clarendon,Hayes,21,YES,17,1908,0.12,0.41,0.13
2018,April,Robbery,Saint Catherine,De La Vega City,10,YES,0,1908,0.12,0.41,0.03
2018,April,Robbery,Hanover,Chester Castle,5,NO,0,1908,0.12,0.41,0.28
2018,August,Aggravated Assault,Westmoreland,Negril,1,NO,0,557,0.12,0.12,0.15
2018,August,Aggravated Assault,Saint Ann,Ocho Ríos,9,YES,0,557,0.12,0.12,0.07
2018,August,Aggravated Assault,Kingston,Trench Town,4,NO,0,557,0.12,0.12,0.23
2018,August,Aggravated Assault,Westmoreland,Petersfield,4,YES,0,557,0.12,0.12,0.09
2018,August,Aggravated Assault,Saint Catherine,Portmore Pines,8,NO,0,557,0.12,0.12,0.2
2018,August,Aggravated Assault,Saint Andrew,Kintyre,4,NO,0,557,0.12,0.12,0.44
2018,August,Aggravated Assault,Hanover,Lucea,6,NO,0,557,0.12,0.12,0.09
2018,August,Aggravated Assault,Saint Andrew,Waterhouse,7,NO,0,557,0.12,0.12,0.07
2018,August,Aggravated Assault,Kingston,Tivali Gardens,4,YES,0,557,0.12,0.12,0.04
2018,August,Aggravated Assault,Saint Ann,Ocho Ríos,9,YES,0,557,0.12,0.12,0.07
2018,August,Aggravated Assault,Westmoreland,Negril,3,NO,0,557,0.12,0.12,0.15
2018,August,Aggravated Assault,Saint Andrew,Whitehall,6,NO,0,557,0.12,0.12,0.06
2018,August,Larceny/Theft,Westmoreland,Negril,1,NO,0,330,0.12,0.07,0.15
2018,August,Larceny/Theft,Westmoreland,Petersfield,1,NO,0,330,0.12,0.07,0.09
2018,August,Larceny/Theft,Saint Catherine,Portmore Pines,7,YES,0,330,0.12,0.07,0.2
2018,August,Larceny/Theft,Saint Andrew,Olympic Gardens,5,YES,0,330,0.12,0.07,0.08
2018,August,Larceny/Theft,Hanover,Lucea,5,YES,0,330,0.12,0.07,0.09
2018,August,Larceny/Theft,Saint Andrew,Waterhouse,4,YES,0,330,0.12,0.07,0.07
2018,August,Larceny/Theft,Kingston,Tivali Gardens,1,YES,0,330,0.12,0.07,0.04
2018,August,Larceny/Theft,Saint Ann,Ocho Ríos,6,YES,0,330,0.12,0.07,0.07
2018,August,Larceny/Theft,Saint Andrew,Papine,4,YES,1,330,0.12,0.07,0.1
2018,August,Larceny/Theft,Saint Andrew,Whitehall,6,YES,0,330,0.12,0.07,0.06
2018,August,Murder,Saint Andrew,Maxfield Park,4,YES,4,1283,0.08,0.27,0.19
2018,August,Murder,Westmoreland,Petersfield,4,YES,4,1283,0.08,0.27,0.09
2018,August,Murder,Kingston,Allman Town,7,NO,7,1283,0.08,0.27,0.1
2018,August,Murder,Saint Andrew,Olympic Gardens,6,YES,6,1283,0.08,0.27,0.08
2018,August,Murder,Hanover,Lucea,2,NO,2,1283,0.08,0.27,0.09
2018,August,Murder,Saint Andrew,Waterhouse,5,NO,5,1283,0.08,0.27,0.07
2018,August,Murder,Saint Catherine,Spanish Town,11,NO,11,1283,0.08,0.27,0.03
2018,August,Murder,Saint Ann,Ocho Ríos,8,YES,8,1283,0.08,0.27,0.07
2018,August,Murder,Manchester,Mandeville,10,YES,10,1283,0.08,0.27,0.04
2018,August,Murder,Saint Andrew,Whitehall,5,YES,5,1283,0.08,0.27,0.06
2018,August,Murder,Saint Mary,Port Maria,1,NO,1,1283,0.08,0.27,0.15
2018,August,Murder,Saint Catherine,Lauriston,5,YES,5,1283,0.08,0.27,0.18
2018,August,Murder,Saint Andrew,Gordon Town,11,YES,11,1283,0.08,0.27,0.09
2018,August,Murder,Saint Andrew,Papine,3,NO,3,1283,0.08,0.27,0.1
2018,August,Murder,Kingston,Tivali Gardens,11,YES,11,1283,0.08,0.27,0.04
2018,August,Murder,Westmoreland,Negril,8,YES,8,1283,0.08,0.27,0.15
2018,August,Murder,Saint Catherine,De La Vega City,6,YES,6,1283,0.08,0.27,0.03
2018,August,Murder,Portland,Buff Bay,1,NO,1,1283,0.08,0.27,0.19
2018,August,Rape,Westmoreland,Negril,3,NO,0,630,0.08,0.13,0.15
2018,August,Rape,Westmoreland,Petersfield,6,NO,0,630,0.08,0.13,0.09
2018,August,Rape,Saint Catherine,Lauriston,4,NO,0,630,0.08,0.13,0.18
2018,August,Rape,Saint Andrew,Olympic Gardens,8,NO,0,630,0.08,0.13,0.08
2018,August,Rape,Hanover,Lucea,5,NO,1,630,0.08,0.13,0.09
2018,August,Rape,Saint Andrew,Waterhouse,2,NO,0,630,0.08,0.13,0.07
2018,August,Rape,Kingston,Tivali Gardens,1,NO,1,630,0.08,0.13,0.04
2018,August,Rape,Saint Ann,Ocho Ríos,8,YES,0,630,0.08,0.13,0.07
2018,August,Rape,Saint Andrew,Papine,5,YES,0,630,0.08,0.13,0.1
2018,August,Rape,Saint Andrew,Whitehall,7,YES,1,630,0.08,0.13,0.06
2018,August,Robbery,Saint Catherine,Bridgeport,9,YES,1,1908,0.05,0.41,0.16
2018,August,Robbery,Saint Catherine,Edgewater,1,NO,0,1908,0.05,0.41,0.15
2018,August,Robbery,Saint Andrew,Lawrence Tavern,6,NO,0,1908,0.05,0.41,0.18
2018,August,Robbery,Saint Catherine,Gregory Park,4,NO,0,1908,0.05,0.41,0.22
2018,August,Robbery,Hanover,Green Island,1,NO,0,1908,0.05,0.41,0.19
2018,August,Robbery,Saint Andrew,Trench Town,6,NO,0,1908,0.05,0.41,0.23
2018,August,Robbery,Saint Elizabeth,Santa Cruz,4,NO,0,1908,0.05,0.41,0.11
2018,August,Robbery,Saint Andrew,Seaview Gardens,1,NO,0,1908,0.05,0.41,0.08
2018,August,Robbery,Saint Andrew,Harbour View,11,YES,0,1908,0.05,0.41,0.09
2018,August,Robbery,Saint Andrew,Vineyard Town,12,YES,8,1908,0.05,0.41,0.09
2018,August,Robbery,Saint Catherine,Spanish Town,8,NO,0,1908,0.05,0.41,0.03
2018,August,Robbery,Saint Andrew,Olympic Gardens,7,NO,0,1908,0.05,0.41,0.08
2018,August,Robbery,Saint Andrew,Cassia Park,1,NO,0,1908,0.05,0.41,0.09
2018,August,Robbery,Kingston,Tivali Gardens,14,YES,13,1908,0.05,0.41,0.04
2018,August,Robbery,Saint Ann,Moneague,6,YES,0,1908,0.05,0.41,0.24
2018,December,Aggravated Assault,Saint Andrew,Cassia Park,3,NO,0,557,0.11,0.12,0.09
2018,December,Aggravated Assault,Saint Andrew,Waterhouse,1,NO,0,557,0.11,0.12,0.07
2018,December,Aggravated Assault,Saint Andrew,Mona,6,YES,0,557,0.11,0.12,0.09
2018,December,Aggravated Assault,Saint Andrew,Seaview Gardens,1,NO,0,557,0.11,0.12,0.08
2018,December,Aggravated Assault,Saint Andrew,Whitehall,7,YES,0,557,0.11,0.12,0.06
2018,December,Aggravated Assault,Saint Catherine,De La Vega City,4,YES,0,557,0.11,0.12,0.03
2018,December,Aggravated Assault,Saint Catherine,Hellshire,7,NO,0,557,0.11,0.12,0.09
2018,December,Aggravated Assault,Hanover,Lucea,7,NO,0,557,0.11,0.12,0.09
2018,December,Aggravated Assault,Saint Elizabeth,Junction,8,YES,0,557,0.11,0.12,0.1
2018,December,Aggravated Assault,Saint Thomas,Yallahs,6,YES,0,557,0.11,0.12,0.15
2018,December,Aggravated Assault,Trelawny,Albert Town,2,NO,0,557,0.11,0.12,0.33
2018,December,Aggravated Assault,Saint Ann,Saint Ann's Bay,9,YES,0,557,0.11,0.12,0.09
2018,December,Aggravated Assault,Kingston,Allman Town,3,NO,0,557,0.11,0.12,0.1
2018,December,Larceny/Theft,Saint Ann,Ocho Ríos,2,YES,1,330,0.06,0.07,0.07
2018,December,Larceny/Theft,Saint Andrew,Papine,1,YES,0,330,0.06,0.07,0.1
2018,December,Larceny/Theft,Saint Andrew,Olympic Gardens,3,NO,0,330,0.06,0.07,0.08
2018,December,Larceny/Theft,Saint Andrew,Cassia Park,2,NO,1,330,0.06,0.07,0.09
2018,December,Larceny/Theft,Saint Andrew,Waterhouse,2,NO,0,330,0.06,0.07,0.07
2018,December,Larceny/Theft,Saint Andrew,Mona,1,NO,1,330,0.06,0.07,0.09
2018,December,Larceny/Theft,Saint Andrew,Seaview Gardens,3,NO,0,330,0.06,0.07,0.08
2018,December,Larceny/Theft,Saint Andrew,Whitehall,2,NO,0,330,0.06,0.07,0.06
2018,December,Larceny/Theft,Saint Catherine,De La Vega City,1,NO,0,330,0.06,0.07,0.03
2018,December,Larceny/Theft,Saint Catherine,Hellshire,4,NO,4,330,0.06,0.07,0.09
2018,December,Murder,Saint Mary,Richmond,4,YES,4,1283,0.08,0.27,0.4
2018,December,Murder,Saint Mary,Port Maria,3,NO,3,1283,0.08,0.27,0.15
2018,December,Murder,Saint Andrew,Olympic Gardens,7,YES,7,1283,0.08,0.27,0.08
2018,December,Murder,Saint James,Montego Bay South East,4,YES,4,1283,0.08,0.27,0.11
2018,December,Murder,Saint Andrew,Waterhouse,3,YES,3,1283,0.08,0.27,0.07
2018,December,Murder,Saint Andrew,Mona,2,YES,2,1283,0.08,0.27,0.09
2018,December,Murder,Saint Andrew,Seaview Gardens,6,YES,6,1283,0.08,0.27,0.08
2018,December,Murder,Saint Andrew,Whitehall,5,YES,5,1283,0.08,0.27,0.06
2018,December,Murder,Saint Catherine,De La Vega City,10,YES,10,1283,0.08,0.27,0.03
2018,December,Murder,Kingston,Denham Town,7,NO,7,1283,0.08,0.27,0.08
2018,December,Murder,Clarendon,Race Course,2,NO,2,1283,0.08,0.27,0.14
2018,December,Murder,Saint Andrew,Papine,4,NO,4,1283,0.08,0.27,0.1
2018,December,Murder,Saint Mary,Oracabessa,2,NO,2,1283,0.08,0.27,0.14
2018,December,Murder,Saint Ann,Ocho Ríos,6,YES,6,1283,0.08,0.27,0.07
2018,December,Murder,Portland,Buff Bay,2,YES,2,1283,0.08,0.27,0.19
2018,December,Murder,Saint Catherine,Spanish Town,11,YES,11,1283,0.08,0.27,0.03
2018,December,Murder,Saint Catherine,Hellshire,5,NO,5,1283,0.08,0.27,0.09
2018,December,Murder,Saint Andrew,Cassia Park,1,NO,1,1283,0.08,0.27,0.09
2018,December,Murder,Saint Thomas,Morant Bay,3,NO,3,1283,0.08,0.27,0.22
2018,December,Murder,Kingston,Tivali Gardens,12,NO,12,1283,0.08,0.27,0.04
2018,December,Murder,Saint Andrew,Harbour View,4,NO,4,1283,0.08,0.27,0.09
2018,December,Rape,Saint Ann,Ocho Ríos,3,NO,0,630,0.08,0.13,0.07
2018,December,Rape,Saint Mary,Port Maria,4,NO,0,630,0.08,0.13,0.15
2018,December,Rape,Saint Andrew,Olympic Gardens,2,NO,0,630,0.08,0.13,0.08
2018,December,Rape,Saint Andrew,Cassia Park,1,YES,0,630,0.08,0.13,0.09
2018,December,Rape,Saint Andrew,Waterhouse,4,NO,4,630,0.08,0.13,0.07
2018,December,Rape,Saint Andrew,Mona,3,NO,0,630,0.08,0.13,0.09
2018,December,Rape,Saint Andrew,Seaview Gardens,6,NO,0,630,0.08,0.13,0.08
2018,December,Rape,Saint Andrew,Whitehall,1,NO,1,630,0.08,0.13,0.06
2018,December,Rape,Saint Catherine,De La Vega City,5,NO,0,630,0.08,0.13,0.03
2018,December,Rape,Kingston,Denham Town,8,NO,1,630,0.08,0.13,0.08
2018,December,Rape,Saint Catherine,Hellshire,5,NO,1,630,0.08,0.13,0.09
2018,December,Rape,Kingston,Tivali Gardens,1,NO,0,630,0.08,0.13,0.04
2018,December,Rape,Saint Andrew,Papine,9,NO,2,630,0.08,0.13,0.1
2018,December,Robbery,Saint Catherine,Spanish Town,5,NO,0,1908,0.13,0.41,0.03
2018,December,Robbery,Saint Thomas,Yallahs,14,YES,0,1908,0.13,0.41,0.15
2018,December,Robbery,Saint James,Montego Bay Central,5,YES,0,1908,0.13,0.41,0.24
2018,December,Robbery,Saint Andrew,Maxfield Park,3,YES,0,1908,0.13,0.41,0.19
2018,December,Robbery,Westmoreland,Negril,12,NO,0,1908,0.13,0.41,0.15
2018,December,Robbery,Saint Elizabeth,Junction,10,NO,0,1908,0.13,0.41,0.1
2018,December,Robbery,Saint Ann,Ocho Ríos,3,NO,1,1908,0.13,0.41,0.07
2018,December,Robbery,Saint Elizabeth,Junction,17,NO,0,1908,0.13,0.41,0.1
2018,December,Robbery,Westmoreland,Petersfield,7,YES,0,1908,0.13,0.41,0.09
2018,December,Robbery,Kingston,Tivali Gardens,4,YES,0,1908,0.13,0.41,0.04
2018,December,Robbery,Clarendon,Hayes,18,NO,0,1908,0.13,0.41,0.13
2018,December,Robbery,Saint Catherine,De La Vega City,14,YES,0,1908,0.13,0.41,0.03
2018,December,Robbery,Hanover,Chester Castle,17,YES,0,1908,0.13,0.41,0.28
2018,December,Robbery,Trelawny,Sherwood Content,6,NO,0,1908,0.13,0.41,0.29
2018,December,Robbery,Manchester,Spur Tree,9,NO,0,1908,0.13,0.41,0.18
2018,December,Robbery,Saint Catherine,Ensom City,8,NO,0,1908,0.13,0.41,0.15
2018,December,Robbery,Westmoreland,Savanna-La-Mar,8,NO,0,1908,0.13,0.41,0.06
2018,December,Robbery,Hanover,Green Island,6,NO,0,1908,0.13,0.41,0.19
2018,December,Robbery,Saint Andrew,Harbour View,9,YES,0,1908,0.13,0.41,0.09
2018,December,Robbery,Saint Mary,Oracabessa,15,YES,0,1908,0.13,0.41,0.14
2018,December,Robbery,Saint Catherine,Hellshire,13,YES,0,1908,0.13,0.41,0.09
2018,December,Robbery,Saint James,Montego Bay South East,15,YES,5,1908,0.13,0.41,0.11
2018,December,Robbery,Saint Andrew,Seaview Gardens,16,YES,7,1908,0.13,0.41,0.08
2018,December,Robbery,Saint Catherine,Waterford,7,YES,0,1908,0.13,0.41,0.1
2018,December,Robbery,Clarendon,Race Course,9,NO,2,1908,0.13,0.41,0.14
2018,February,Aggravated Assault,Saint Mary,Oracabessa,4,NO,0,557,0.03,0.12,0.14
2018,February,Aggravated Assault,Westmoreland,Savanna-La-Mar,2,NO,0,557,0.03,0.12,0.06
2018,February,Aggravated Assault,Saint Catherine,Braeton,8,NO,0,557,0.03,0.12,0.33
2018,February,Larceny/Theft,Saint Andrew,Papine,3,NO,2,330,0.1,0.07,0.1
2018,February,Larceny/Theft,Clarendon,Race Course,6,NO,0,330,0.1,0.07,0.14
2018,February,Larceny/Theft,Saint Andrew,Spanish Town,4,YES,0,330,0.1,0.07,0.03
2018,February,Larceny/Theft,Saint Andrew,Chancery Hill,2,YES,0,330,0.1,0.07,0.26
2018,February,Larceny/Theft,Saint James,Montego Bay North,3,YES,0,330,0.1,0.07,0.03
2018,February,Larceny/Theft,Saint Mary,Oracabessa,4,YES,0,330,0.1,0.07,0.14
2018,February,Larceny/Theft,Westmoreland,Savanna-La-Mar,2,YES,0,330,0.1,0.07,0.06
2018,February,Larceny/Theft,Saint Catherine,Braeton,8,YES,0,330,0.1,0.07,0.33
2018,February,Murder,Saint Andrew,Papine,8,YES,8,1283,0.08,0.27,0.1
2018,February,Murder,Kingston,Tivali Gardens,10,YES,10,1283,0.08,0.27,0.04
2018,February,Murder,Saint Andrew,Spanish Town,8,YES,8,1283,0.08,0.27,0.03
2018,February,Murder,Saint Andrew,Olympic Gardens,7,YES,7,1283,0.08,0.27,0.08
2018,February,Murder,Saint Andrew,Sandy Bay,4,YES,4,1283,0.08,0.27,0.15
2018,February,Murder,Saint James,Montego Bay Central,5,YES,5,1283,0.08,0.27,0.03
2018,February,Murder,Westmoreland,Savanna-La-Mar,8,YES,8,1283,0.08,0.27,0.06
2018,February,Murder,Westmoreland,Petersfield,9,YES,9,1283,0.08,0.27,0.09
2018,February,Murder,Saint Catherine,De La Vega City,15,YES,15,1283,0.08,0.27,0.03
2018,February,Murder,Saint Thomas,Seaforth,9,YES,9,1283,0.08,0.27,0.31
2018,February,Murder,Clarendon,Mocho,7,YES,7,1283,0.08,0.27,0.28
2018,February,Murder,Kingston,Denham Town,11,YES,11,1283,0.08,0.27,0.08
2018,February,Rape,Saint Andrew,Papine,2,NO,0,630,0.05,0.13,0.1
2018,February,Rape,Clarendon,Race Course,5,YES,0,630,0.05,0.13,0.14
2018,February,Rape,Saint Andrew,Spanish Town,4,YES,0,630,0.05,0.13,0.03
2018,February,Rape,Saint Andrew,Chancery Hill,3,NO,0,630,0.05,0.13,0.26
2018,February,Rape,Saint Andrew,Sandy Bay,2,NO,0,630,0.05,0.13,0.15
2018,February,Rape,Saint Mary,Oracabessa,1,NO,1,630,0.05,0.13,0.14
2018,February,Rape,Westmoreland,Savanna-La-Mar,5,YES,0,630,0.05,0.13,0.06
2018,February,Rape,Saint Catherine,Braeton,8,YES,2,630,0.05,0.13,0.33
2018,February,Robbery,Saint James,Montego Bay South East,3,NO,0,1908,0.01,0.41,0.11
2018,February,Robbery,Saint Catherine,Ensom City,1,NO,0,1908,0.01,0.41,0.15
2018,February,Robbery,Saint James,Montego Bay West,1,NO,0,1908,0.01,0.41,0.24
2018,February,Robbery,Kingston,Tivali Gardens,3,NO,0,1908,0.01,0.41,0.04
2018,February,Robbery,Saint Andrew,Gordon Town,1,NO,0,1908,0.01,0.41,0.09
2018,February,Robbery,Saint Catherine,Spanish Town,3,YES,0,1908,0.01,0.41,0.03
2018,January,Aggravated Assault,Saint Catherine,Spanish Town,5,NO,0,557,0.09,0.12,0.03
2018,January,Aggravated Assault,Saint Catherine,Point Hill,7,YES,0,557,0.09,0.12,0.4
2018,January,Aggravated Assault,Saint Ann,Ocho Ríos,6,YES,0,557,0.09,0.12,0.07
2018,January,Aggravated Assault,Westmoreland,Negril,4,YES,0,557,0.09,0.12,0.15
2018,January,Aggravated Assault,Saint Andrew,Red Hills,5,YES,0,557,0.09,0.12,0.18
2018,January,Aggravated Assault,Saint Andrew,Cassia Park,2,YES,0,557,0.09,0.12,0.09
2018,January,Aggravated Assault,Saint Andrew,Norbrook,2,YES,0,557,0.09,0.12,0.17
2018,January,Aggravated Assault,Saint Andrew,Papine,2,YES,0,557,0.09,0.12,0.1
2018,January,Aggravated Assault,Clarendon,Rocky Point,3,YES,0,557,0.09,0.12,0.15
2018,January,Aggravated Assault,Saint Andrew,Spanish Town,6,YES,0,557,0.09,0.12,0.03
2018,January,Aggravated Assault,Saint Andrew,Gordon Town,7,NO,0,557,0.09,0.12,0.09
2018,January,Aggravated Assault,Saint James,Montego Bay West,1,NO,0,557,0.09,0.12,0.24
2018,January,Larceny/Theft,Saint Catherine,Spanish Town,3,NO,0,330,0.06,0.07,0.03
2018,January,Larceny/Theft,Saint Catherine,Point Hill,1,NO,0,330,0.06,0.07,0.4
2018,January,Larceny/Theft,Saint Ann,Ocho Ríos,1,NO,0,330,0.06,0.07,0.07
2018,January,Larceny/Theft,Westmoreland,Negril,4,YES,1,330,0.06,0.07,0.15
2018,January,Larceny/Theft,Saint Andrew,Red Hills,2,YES,0,330,0.06,0.07,0.18
2018,January,Larceny/Theft,Saint Andrew,Cassia Park,4,NO,0,330,0.06,0.07,0.09
2018,January,Larceny/Theft,Saint Andrew,Norbrook,5,NO,0,330,0.06,0.07,0.17
2018,January,Murder,Kingston,Tivali Gardens,16,YES,16,1283,0.06,0.27,0.04
2018,January,Murder,Clarendon,Rocky Point,5,YES,5,1283,0.06,0.27,0.15
2018,January,Murder,Westmoreland,Petersfield,8,YES,8,1283,0.06,0.27,0.09
2018,January,Murder,Saint Elizabeth,Junction,6,YES,6,1283,0.06,0.27,0.1
2018,January,Murder,Saint Catherine,De La Vega City,17,YES,17,1283,0.06,0.27,0.03
2018,January,Murder,Saint Andrew,Vineyard Town,10,YES,10,1283,0.06,0.27,0.09
2018,January,Murder,Saint Andrew,Gordon Town,13,YES,13,1283,0.06,0.27,0.09
2018,January,Rape,Saint Catherine,Spanish Town,5,YES,1,630,0.04,0.13,0.03
2018,January,Rape,Saint Catherine,Point Hill,2,YES,0,630,0.04,0.13,0.4
2018,January,Rape,Saint Ann,Ocho Ríos,3,NO,0,630,0.04,0.13,0.07
2018,January,Rape,Kingston,Tivali Gardens,4,NO,1,630,0.04,0.13,0.04
2018,January,Rape,Saint Andrew,Waterloo,3,NO,2,630,0.04,0.13,0.03
2018,January,Rape,Saint Andrew,Cassia Park,2,NO,0,630,0.04,0.13,0.09
2018,January,Rape,Saint Andrew,Norbrook,6,YES,2,630,0.04,0.13,0.17
2018,January,Robbery,Saint Catherine,Spanish Town,15,YES,4,1908,0.13,0.41,0.03
2018,January,Robbery,Saint Andrew,Waterhouse,11,NO,0,1908,0.13,0.41,0.07
2018,January,Robbery,Kingston,Denham Town,7,NO,0,1908,0.13,0.41,0.08
2018,January,Robbery,Kingston,Tivali Gardens,9,NO,0,1908,0.13,0.41,0.04
2018,January,Robbery,Clarendon,Rocky Point,12,NO,0,1908,0.13,0.41,0.15
2018,January,Robbery,Westmoreland,Petersfield,7,YES,1,1908,0.13,0.41,0.09
2018,January,Robbery,Saint Elizabeth,Junction,14,YES,0,1908,0.13,0.41,0.1
2018,January,Robbery,Saint Catherine,De La Vega City,14,YES,1,1908,0.13,0.41,0.03
2018,January,Robbery,Saint Andrew,Vineyard Town,3,NO,0,1908,0.13,0.41,0.09
2018,January,Robbery,Saint Andrew,Gordon Town,19,NO,5,1908,0.13,0.41,0.09
2018,January,Robbery,Saint Andrew,Papine,9,NO,0,1908,0.13,0.41,0.1
2018,January,Robbery,Saint Andrew,Red Hills,5,NO,0,1908,0.13,0.41,0.18
2018,January,Robbery,Saint Andrew,Spanish Town,7,NO,0,1908,0.13,0.41,0.03
2018,January,Robbery,Saint Andrew,Olympic Gardens,19,YES,0,1908,0.13,0.41,0.08
2018,January,Robbery,Saint Andrew,Sandy Bay,7,YES,0,1908,0.13,0.41,0.15
2018,January,Robbery,Saint James,Montego Bay Central,8,YES,0,1908,0.13,0.41,0.24
2018,January,Robbery,Westmoreland,Savanna-La-Mar,7,YES,0,1908,0.13,0.41,0.06
2018,January,Robbery,Westmoreland,Frome,1,NO,0,1908,0.13,0.41,0.01
2018,January,Robbery,Clarendon,Hayes,15,YES,0,1908,0.13,0.41,0.13
2018,January,Robbery,Saint Thomas,Seaforth,20,YES,0,1908,0.13,0.41,0.31
2018,January,Robbery,Clarendon,Mocho,18,YES,0,1908,0.13,0.41,0.28
2018,January,Robbery,Saint Mary,Port Maria,9,YES,3,1908,0.13,0.41,0.15
2018,January,Robbery,Saint Ann,Brown's Town,2,NO,0,1908,0.13,0.41,0.33
2018,January,Robbery,Saint Andrew,Seaview Gardens,15,YES,4,1908,0.13,0.41,0.08
2018,January,Robbery,Saint Andrew,Hagley Park,3,NO,0,1908,0.13,0.41,0.39
2018,July,Aggravated Assault,Hanover,Hopewell,5,NO,0,557,0.07,0.12,0.25
2018,July,Aggravated Assault,Saint Andrew,Olympic Gardens,1,NO,0,557,0.07,0.12,0.08
2018,July,Aggravated Assault,Manchester,Spur Tree,5,YES,0,557,0.07,0.12,0.18
2018,July,Aggravated Assault,Saint Elizabeth,Santa Cruz,2,YES,0,557,0.07,0.12,0.11
2018,July,Aggravated Assault,Westmoreland,Savanna-La-Mar,5,NO,0,557,0.07,0.12,0.06
2018,July,Aggravated Assault,Manchester,Mandeville,3,NO,0,557,0.07,0.12,0.19
2018,July,Aggravated Assault,Saint Andrew,Papine,7,NO,0,557,0.07,0.12,0.1
2018,July,Aggravated Assault,Saint Andrew,Mona,1,NO,0,557,0.07,0.12,0.09
2018,July,Aggravated Assault,Saint Andrew,Red Hills,2,YES,0,557,0.07,0.12,0.18
2018,July,Aggravated Assault,Hanover,Chester Castle,6,YES,0,557,0.07,0.12,0.28
2018,July,Larceny/Theft,Hanover,Hopewell,5,NO,0,330,0.13,0.07,0.25
2018,July,Larceny/Theft,Saint Andrew,Cassia Park,4,NO,0,330,0.13,0.07,0.09
2018,July,Larceny/Theft,Manchester,Spur Tree,5,NO,2,330,0.13,0.07,0.18
2018,July,Larceny/Theft,Saint Elizabeth,Santa Cruz,4,NO,0,330,0.13,0.07,0.11
2018,July,Larceny/Theft,Westmoreland,Savanna-La-Mar,1,NO,0,330,0.13,0.07,0.06
2018,July,Larceny/Theft,Manchester,Mandeville,1,YES,0,330,0.13,0.07,0.19
2018,July,Larceny/Theft,Saint Catherine,Hellshire,3,YES,0,330,0.13,0.07,0.09
2018,July,Larceny/Theft,Saint Andrew,Mona,2,YES,0,330,0.13,0.07,0.09
2018,July,Larceny/Theft,Saint Andrew,Red Hills,5,YES,0,330,0.13,0.07,0.18
2018,July,Larceny/Theft,Saint James,Montego Bay Central,3,YES,0,330,0.13,0.07,0.24
2018,July,Larceny/Theft,Saint Thomas,Yallahs,8,YES,0,330,0.13,0.07,0.15
2018,July,Larceny/Theft,Saint Ann,Ocho Ríos,1,NO,0,330,0.13,0.07,0.07
2018,July,Murder,Hanover,Chester Castle,1,NO,1,1283,0.08,0.27,0.28
2018,July,Murder,Trelawny,Sherwood Content,1,NO,1,1283,0.08,0.27,0.29
2018,July,Murder,Manchester,Spur Tree,2,NO,2,1283,0.08,0.27,0.18
2018,July,Murder,Saint Catherine,Ensom City,7,NO,7,1283,0.08,0.27,0.15
2018,July,Murder,Westmoreland,Savanna-La-Mar,8,YES,8,1283,0.08,0.27,0.06
2018,July,Murder,Hanover,Green Island,1,NO,1,1283,0.08,0.27,0.19
2018,July,Murder,Saint Andrew,Harbour View,1,NO,1,1283,0.08,0.27,0.09
2018,July,Murder,Saint Mary,Oracabessa,2,NO,2,1283,0.08,0.27,0.14
2018,July,Murder,Saint Catherine,Hellshire,2,NO,2,1283,0.08,0.27,0.09
2018,July,Murder,Saint James,Montego Bay South East,3,NO,3,1283,0.08,0.27,0.11
2018,July,Murder,Saint Andrew,Seaview Gardens,5,YES,5,1283,0.08,0.27,0.08
2018,July,Murder,Saint Catherine,Spanish Town,6,YES,6,1283,0.08,0.27,0.03
2018,July,Murder,Kingston,Tivali Gardens,11,YES,11,1283,0.08,0.27,0.04
2018,July,Murder,Saint Catherine,Waterford,9,NO,9,1283,0.08,0.27,0.1
2018,July,Murder,Manchester,Christiana,4,NO,4,1283,0.08,0.27,0.19
2018,July,Murder,Saint Catherine,Old Harbour North,10,YES,10,1283,0.08,0.27,0.48
2018,July,Murder,Saint Andrew,Mona,4,NO,4,1283,0.08,0.27,0.09
2018,July,Murder,Saint Catherine,Independent City,8,YES,8,1283,0.08,0.27,0.25
2018,July,Murder,Saint Elizabeth,Santa Cruz,4,YES,4,1283,0.08,0.27,0.11
2018,July,Murder,Manchester,Porus,2,NO,2,1283,0.08,0.27,0.22
2018,July,Murder,Saint Catherine,De La Vega City,15,YES,15,1283,0.08,0.27,0.03
2018,July,Rape,Hanover,Hopewell,3,YES,0,630,0.06,0.13,0.25
2018,July,Rape,Saint Andrew,Cassia Park,7,YES,0,630,0.06,0.13,0.09
2018,July,Rape,Manchester,Spur Tree,1,NO,0,630,0.06,0.13,0.18
2018,July,Rape,Saint Elizabeth,Santa Cruz,9,YES,0,630,0.06,0.13,0.11
2018,July,Rape,Westmoreland,Savanna-La-Mar,1,NO,0,630,0.06,0.13,0.06
2018,July,Rape,Manchester,Christiana,8,NO,0,630,0.06,0.13,0.19
2018,July,Rape,Saint Catherine,Hellshire,9,NO,2,630,0.06,0.13,0.09
2018,July,Rape,Saint Andrew,Mona,1,NO,0,630,0.06,0.13,0.09
2018,July,Robbery,Saint Catherine,Spanish Town,1,NO,0,1908,0.02,0.41,0.03
2018,July,Robbery,Manchester,Christiana,2,NO,0,1908,0.02,0.41,0.19
2018,July,Robbery,Saint Andrew,Payne Lands,4,YES,3,1908,0.02,0.41,0.14
2018,July,Robbery,Saint James,Montego Bay South East,6,YES,0,1908,0.02,0.41,0.11
2018,July,Robbery,Saint Catherine,De La Vega City,2,NO,0,1908,0.02,0.41,0.03
2018,July,Robbery,Saint Catherine,Old Harbour Central,4,NO,0,1908,0.02,0.41,0.26
2018,July,Robbery,Saint Elizabeth,Junction,7,NO,0,1908,0.02,0.41,0.1
2018,July,Robbery,Saint Mary,Oracabessa,3,NO,0,1908,0.02,0.41,0.14
2018,July,Robbery,Saint Andrew,Vineyard Town,3,NO,0,1908,0.02,0.41,0.09
2018,July,Robbery,Kingston,Denham Town,4,NO,1,1908,0.02,0.41,0.08
2018,July,Robbery,Saint Andrew,Harbour View,4,NO,1,1908,0.02,0.41,0.09
2018,June,Aggravated Assault,Saint Ann,Ocho Ríos,12,YES,0,557,0.14,0.12,0.07
2018,June,Aggravated Assault,Westmoreland,Savanna-La-Mar,3,NO,0,557,0.14,0.12,0.06
2018,June,Aggravated Assault,Saint Andrew,Chancery Hill,5,NO,0,557,0.14,0.12,0.26
2018,June,Aggravated Assault,Clarendon,Race Course,13,NO,0,557,0.14,0.12,0.14
2018,June,Aggravated Assault,Saint Catherine,Edgewater,11,NO,0,557,0.14,0.12,0.15
2018,June,Aggravated Assault,Saint Andrew,Red Hills,8,YES,0,557,0.14,0.12,0.18
2018,June,Aggravated Assault,Portland,Port Antonio,2,YES,0,557,0.14,0.12,0.4
2018,June,Aggravated Assault,Saint Catherine,Spanish Town,3,NO,0,557,0.14,0.12,0.03
2018,June,Aggravated Assault,Saint Thomas,Yallahs,6,NO,0,557,0.14,0.12,0.15
2018,June,Aggravated Assault,Saint James,Montego Bay Central,13,YES,0,557,0.14,0.12,0.24
2018,June,Larceny/Theft,Saint Ann,Ocho Ríos,2,NO,0,330,0.07,0.07,0.07
2018,June,Larceny/Theft,Westmoreland,Savanna-La-Mar,1,NO,0,330,0.07,0.07,0.06
2018,June,Larceny/Theft,Saint Andrew,Chancery Hill,4,NO,0,330,0.07,0.07,0.26
2018,June,Larceny/Theft,Saint Catherine,Edgewater,3,NO,0,330,0.07,0.07,0.15
2018,June,Larceny/Theft,Portland,Port Antonio,1,NO,0,330,0.07,0.07,0.4
2018,June,Larceny/Theft,Saint Andrew,Red Hills,3,YES,2,330,0.07,0.07,0.18
2018,June,Larceny/Theft,Saint Andrew,Whitehall,3,YES,0,330,0.07,0.07,0.06
2018,June,Larceny/Theft,Saint Catherine,Spanish Town,2,YES,0,330,0.07,0.07,0.03
2018,June,Larceny/Theft,Clarendon,Race Course,2,YES,0,330,0.07,0.07,0.14
2018,June,Larceny/Theft,Westmoreland,Negril,1,YES,0,330,0.07,0.07,0.15
2018,June,Murder,Saint Andrew,Vineyard Town,8,NO,8,1283,0.09,0.27,0.09
2018,June,Murder,Saint Andrew,Olympic Gardens,9,YES,9,1283,0.09,0.27,0.08
2018,June,Murder,Saint Andrew,Gordon Town,6,YES,6,1283,0.09,0.27,0.09
2018,June,Murder,Trelawny,Falmouth,1,NO,1,1283,0.09,0.27,0.26
2018,June,Murder,Portland,Buff Bay,1,NO,1,1283,0.09,0.27,0.19
2018,June,Murder,Saint Andrew,Duhaney Park,6,YES,6,1283,0.09,0.27,0.24
2018,June,Murder,Saint Andrew,Whitehall,7,YES,7,1283,0.09,0.27,0.06
2018,June,Murder,Saint Catherine,Spanish Town,10,YES,10,1283,0.09,0.27,0.03
2018,June,Murder,Saint Andrew,Maxfield Park,6,YES,6,1283,0.09,0.27,0.19
2018,June,Murder,Westmoreland,Negril,5,YES,5,1283,0.09,0.27,0.15
2018,June,Murder,Saint Elizabeth,Junction,8,YES,8,1283,0.09,0.27,0.1
2018,June,Murder,Saint Ann,Ocho Ríos,5,YES,5,1283,0.09,0.27,0.07
2018,June,Murder,Saint Elizabeth,Junction,8,YES,8,1283,0.09,0.27,0.1
2018,June,Murder,Westmoreland,Petersfield,2,NO,2,1283,0.09,0.27,0.09
2018,June,Murder,Kingston,Tivali Gardens,10,YES,10,1283,0.09,0.27,0.04
2018,June,Murder,Clarendon,Hayes,4,NO,4,1283,0.09,0.27,0.13
2018,June,Murder,Saint Catherine,De La Vega City,13,NO,13,1283,0.09,0.27,0.03
2018,June,Rape,Saint Andrew,Vineyard Town,3,NO,0,630,0.1,0.13,0.09
2018,June,Rape,Saint Andrew,Olympic Gardens,3,NO,0,630,0.1,0.13,0.08
2018,June,Rape,Saint Andrew,Chancery Hill,3,NO,0,630,0.1,0.13,0.26
2018,June,Rape,Trelawny,Falmouth,2,NO,0,630,0.1,0.13,0.26
2018,June,Rape,Portland,Port Antonio,1,NO,0,630,0.1,0.13,0.4
2018,June,Rape,Saint Andrew,Red Hills,3,NO,0,630,0.1,0.13,0.18
2018,June,Rape,Saint Andrew,Whitehall,5,NO,2,630,0.1,0.13,0.06
2018,June,Rape,Saint Catherine,Spanish Town,7,NO,0,630,0.1,0.13,0.03
2018,June,Rape,Clarendon,Race Course,6,YES,0,630,0.1,0.13,0.14
2018,June,Rape,Westmoreland,Negril,1,NO,2,630,0.1,0.13,0.15
2018,June,Rape,Saint Elizabeth,Black River,1,NO,1,630,0.1,0.13,0.38
2018,June,Rape,Saint Ann,Ocho Ríos,2,NO,0,630,0.1,0.13,0.07
2018,June,Rape,Saint Catherine,Edgewater,6,NO,1,630,0.1,0.13,0.15
2018,June,Rape,Westmoreland,Savanna-La-Mar,1,NO,0,630,0.1,0.13,0.06
2018,June,Rape,Kingston,Allman Town,9,NO,0,630,0.1,0.13,0.1
2018,June,Rape,Clarendon,Hayes,9,YES,0,630,0.1,0.13,0.13
2018,June,Robbery,Saint Andrew,Maxfield Park,6,NO,0,1908,0.05,0.41,0.19
2018,June,Robbery,Westmoreland,Petersfield,8,NO,2,1908,0.05,0.41,0.09
2018,June,Robbery,Kingston,Allman Town,6,NO,0,1908,0.05,0.41,0.1
2018,June,Robbery,Saint Andrew,Olympic Gardens,1,NO,0,1908,0.05,0.41,0.08
2018,June,Robbery,Hanover,Lucea,1,NO,0,1908,0.05,0.41,0.09
2018,June,Robbery,Saint Andrew,Waterhouse,1,NO,0,1908,0.05,0.41,0.07
2018,June,Robbery,Saint Catherine,Spanish Town,8,NO,0,1908,0.05,0.41,0.03
2018,June,Robbery,Saint Ann,Ocho Ríos,6,YES,0,1908,0.05,0.41,0.07
2018,June,Robbery,Manchester,Mandeville,7,YES,3,1908,0.05,0.41,0.19
2018,June,Robbery,Saint Andrew,Whitehall,3,YES,0,1908,0.05,0.41,0.06
2018,June,Robbery,Saint Mary,Port Maria,2,NO,0,1908,0.05,0.41,0.15
2018,June,Robbery,Saint Catherine,Lauriston,12,YES,0,1908,0.05,0.41,0.18
2018,June,Robbery,Saint Andrew,Gordon Town,5,NO,0,1908,0.05,0.41,0.09
2018,June,Robbery,Saint Andrew,Papine,5,YES,0,1908,0.05,0.41,0.1
2018,June,Robbery,Kingston,Tivali Gardens,6,YES,0,1908,0.05,0.41,0.04
2018,June,Robbery,Westmoreland,Negril,12,YES,0,1908,0.05,0.41,0.15
2018,June,Robbery,Saint Andrew,Duhaney Park,7,YES,0,1908,0.05,0.41,0.24
2018,June,Robbery,Portland,Buff Bay,7,YES,0,1908,0.05,0.41,0.19
2018,March,Aggravated Assault,Saint Andrew,Molynes Gardens,5,YES,0,557,0.03,0.12,0.24
2018,March,Aggravated Assault,Saint Andrew,Stony Hill,1,YES,0,557,0.03,0.12,0.08
2018,March,Aggravated Assault,Saint Ann,Ocho Ríos,1,YES,0,557,0.03,0.12,0.07
2018,March,Aggravated Assault,Saint Andrew,Barbican,5,YES,0,557,0.03,0.12,0.22
2018,March,Aggravated Assault,Saint Catherine,Edgewater,4,YES,0,557,0.03,0.12,0.15
2018,March,Larceny/Theft,Saint Andrew,Molynes Gardens,5,YES,0,330,0.05,0.07,0.24
2018,March,Larceny/Theft,Saint Andrew,Stony Hill,1,YES,0,330,0.05,0.07,0.08
2018,March,Larceny/Theft,Saint Ann,Ocho Ríos,1,YES,0,330,0.05,0.07,0.07
2018,March,Larceny/Theft,Saint Andrew,Barbican,5,NO,1,330,0.05,0.07,0.22
2018,March,Larceny/Theft,Saint Catherine,Edgewater,4,NO,0,330,0.05,0.07,0.15
2018,March,Murder,Saint Ann,Brown's Town,4,NO,4,1283,0.08,0.27,0.33
2018,March,Murder,Saint Andrew,Seaview Gardens,10,YES,10,1283,0.08,0.27,0.08
2018,March,Murder,Saint Andrew,Waterhouse,2,NO,2,1283,0.08,0.27,0.07
2018,March,Murder,Saint James,Montego Bay South East,1,NO,1,1283,0.08,0.27,0.11
2018,March,Murder,Saint Catherine,Ensom City,7,YES,7,1283,0.08,0.27,0.15
2018,March,Murder,Saint James,Montego Bay West,7,YES,7,1283,0.08,0.27,0.24
2018,March,Murder,Kingston,Tivali Gardens,15,YES,15,1283,0.08,0.27,0.04
2018,March,Murder,Saint Andrew,Gordon Town,10,YES,10,1283,0.08,0.27,0.09
2018,March,Murder,Saint Catherine,Spanish Town,9,YES,9,1283,0.08,0.27,0.03
2018,March,Murder,Saint Andrew,Greenwich Town,12,YES,12,1283,0.08,0.27,0.14
2018,March,Murder,Saint Catherine,Waterford,11,YES,11,1283,0.08,0.27,0.1
2018,March,Murder,Clarendon,May Pen East,4,NO,4,1283,0.08,0.27,0.36
2018,March,Murder,Saint Catherine,De La Vega City,13,NO,13,1283,0.08,0.27,0.03
2018,March,Murder,Portland,Buff Bay,3,NO,3,1283,0.08,0.27,0.19
2018,March,Rape,Saint Andrew,Molynes Gardens,6,NO,0,630,0.13,0.13,0.24
2018,March,Rape,Portland,Port Antonio,2,YES,0,630,0.13,0.13,0.4
2018,March,Rape,Saint Andrew,Waterhouse,2,YES,0,630,0.13,0.13,0.07
2018,March,Rape,Saint Andrew,Barbican,5,NO,0,630,0.13,0.13,0.22
2018,March,Rape,Saint Catherine,Edgewater,5,YES,0,630,0.13,0.13,0.15
2018,March,Rape,Saint Mary,Highgate,3,NO,0,630,0.13,0.13,0.03
2018,March,Rape,Manchester,Christiana,6,NO,3,630,0.13,0.13,0.19
2018,March,Rape,Saint Thomas,Cedar Valley,3,YES,0,630,0.13,0.13,0.03
2018,March,Rape,Saint Catherine,Spanish Town,3,YES,0,630,0.13,0.13,0.03
2018,March,Rape,Saint Andrew,Stony Hill,10,NO,3,630,0.13,0.13,0.08
2018,March,Rape,Saint Catherine,Waterford,6,YES,0,630,0.13,0.13,0.1
2018,March,Rape,Saint Ann,Ocho Ríos,10,YES,0,630,0.13,0.13,0.07
2018,March,Rape,Saint Catherine,Greater Portmore North,4,YES,0,630,0.13,0.13,0.15
2018,March,Rape,Portland,Buff Bay,3,NO,0,630,0.13,0.13,0.19
2018,March,Rape,Saint Catherine,Hellshire,7,YES,0,630,0.13,0.13,0.09
2018,March,Rape,Hanover,Lucea,8,NO,1,630,0.13,0.13,0.09
2018,March,Robbery,Saint Andrew,Greenwich Town,2,NO,0,1908,0.06,0.41,0.14
2018,March,Robbery,Saint Catherine,Waterford,5,YES,0,1908,0.06,0.41,0.1
2018,March,Robbery,Clarendon,May Pen East,7,YES,0,1908,0.06,0.41,0.36
2018,March,Robbery,Saint Catherine,De La Vega City,7,NO,0,1908,0.06,0.41,0.03
2018,March,Robbery,Portland,Buff Bay,3,NO,3,1908,0.06,0.41,0.19
2018,March,Robbery,Westmoreland,Negril,1,NO,0,1908,0.06,0.41,0.15
2018,March,Robbery,Trelawny,Falmouth,3,NO,0,1908,0.06,0.41,0.26
2018,March,Robbery,Saint Catherine,Bridgeport,10,YES,4,1908,0.06,0.41,0.16
2018,March,Robbery,Saint Andrew,Olympic Gardens,2,NO,0,1908,0.06,0.41,0.08
2018,March,Robbery,Saint Ann,Ocho Ríos,9,YES,5,1908,0.06,0.41,0.07
2018,March,Robbery,Saint Mary,Oracabessa,2,YES,0,1908,0.06,0.41,0.14
2018,March,Robbery,Saint Andrew,Seaview Gardens,6,NO,0,1908,0.06,0.41,0.08
2018,March,Robbery,Saint Andrew,Harbour View,6,NO,0,1908,0.06,0.41,0.09
2018,March,Robbery,Westmoreland,Savanna-La-Mar North,1,YES,0,1908,0.06,0.41,0.17
2018,March,Robbery,Saint Catherine,Spanish Town,3,NO,2,1908,0.06,0.41,0.03
2018,March,Robbery,Trelawny,Albert Town,10,NO,0,1908,0.06,0.41,0.33
2018,March,Robbery,Kingston,Tivali Gardens,14,YES,0,1908,0.06,0.41,0.04
2018,March,Robbery,Saint Elizabeth,Lacovia,14,YES,0,1908,0.06,0.41,0.26
2018,March,Robbery,Saint Catherine,Lluidas Vale,6,YES,0,1908,0.06,0.41,0.23
2018,March,Robbery,Saint Andrew,Lawrence Tavern,3,NO,0,1908,0.06,0.41,0.18
2018,May,Aggravated Assault,Kingston,Tivali Gardens,1,NO,0,557,0.06,0.12,0.04
2018,May,Aggravated Assault,Saint Andrew,Cassia Park,7,NO,0,557,0.06,0.12,0.09
2018,May,Aggravated Assault,Hanover,Lucea,5,NO,0,557,0.06,0.12,0.09
2018,May,Aggravated Assault,Saint Catherine,Hellshire,4,YES,0,557,0.06,0.12,0.09
2018,May,Aggravated Assault,Saint Andrew,Whitehall,7,YES,0,557,0.06,0.12,0.06
2018,May,Aggravated Assault,Saint James,Montego Bay West,1,NO,0,557,0.06,0.12,0.24
2018,May,Aggravated Assault,Manchester,Mandeville,6,YES,0,557,0.06,0.12,0.19
2018,May,Aggravated Assault,Saint Andrew,Havendale,2,YES,0,557,0.06,0.12,0.26
2018,May,Larceny/Theft,Saint Catherine,Portmore Pines,1,NO,0,330,0.06,0.07,0.2
2018,May,Larceny/Theft,Saint Catherine,De La Vega City,1,NO,0,330,0.06,0.07,0.03
2018,May,Larceny/Theft,Hanover,Lucea,1,NO,0,330,0.06,0.07,0.09
2018,May,Larceny/Theft,Saint Thomas,Morant Bay,3,NO,0,330,0.06,0.07,0.22
2018,May,Larceny/Theft,Kingston,Tivali Gardens,4,NO,0,330,0.06,0.07,0.04
2018,May,Larceny/Theft,Saint Andrew,Havendale,2,NO,0,330,0.06,0.07,0.26
2018,May,Larceny/Theft,Saint James,Montego Bay West,3,NO,0,330,0.06,0.07,0.24
2018,May,Larceny/Theft,Manchester,Mandeville,1,NO,1,330,0.06,0.07,0.19
2018,May,Larceny/Theft,Saint Andrew,Norbrook,3,NO,0,330,0.06,0.07,0.17
2018,May,Murder,Saint Catherine,Spanish Town,15,YES,15,1283,0.08,0.27,0.03
2018,May,Murder,Saint Catherine,De La Vega City,16,YES,16,1283,0.08,0.27,0.03
2018,May,Murder,Hanover,Green Island,1,NO,1,1283,0.08,0.27,0.19
2018,May,Murder,Saint James,Montego Bay North East,9,YES,9,1283,0.08,0.27,0.38
2018,May,Murder,Kingston,Tivali Gardens,13,YES,13,1283,0.08,0.27,0.04
2018,May,Murder,Kingston,Allman Town,8,YES,8,1283,0.08,0.27,0.1
2018,May,Murder,Saint James,Montego Bay South East,4,YES,4,1283,0.08,0.27,0.11
2018,May,Murder,Manchester,Mile Gully,9,YES,9,1283,0.08,0.27,0.25
2018,May,Murder,Saint Catherine,Independent City,7,YES,7,1283,0.08,0.27,0.25
2018,May,Murder,Saint Andrew,Waterhouse,4,YES,4,1283,0.08,0.27,0.07
2018,May,Murder,Westmoreland,Savanna-La-Mar,13,YES,13,1283,0.08,0.27,0.06
2018,May,Murder,Clarendon,Hayes,6,NO,6,1283,0.08,0.27,0.13
2018,May,Rape,Saint Catherine,Portmore Pines,2,NO,0,630,0.1,0.13,0.2
2018,May,Rape,Saint Catherine,De La Vega City,3,NO,0,630,0.1,0.13,0.03
2018,May,Rape,Hanover,Hopewell,3,NO,0,630,0.1,0.13,0.25
2018,May,Rape,Saint Thomas,Morant Bay,7,NO,0,630,0.1,0.13,0.22
2018,May,Rape,Kingston,Tivali Gardens,1,NO,0,630,0.1,0.13,0.04
2018,May,Rape,Kingston,Rae Town,3,NO,1,630,0.1,0.13,0.25
2018,May,Rape,Saint James,Montego Bay West,2,NO,0,630,0.1,0.13,0.24
2018,May,Rape,Manchester,Mandeville,5,NO,0,630,0.1,0.13,0.19
2018,May,Rape,Saint Andrew,Norbrook,12,YES,3,630,0.1,0.13,0.17
2018,May,Rape,Saint Andrew,Havendale,8,YES,0,630,0.1,0.13,0.26
2018,May,Rape,Westmoreland,Savanna-La-Mar,7,NO,0,630,0.1,0.13,0.06
2018,May,Rape,Clarendon,May Pen North,9,NO,1,630,0.1,0.13,0.26
2018,May,Robbery,Trelawny,Sherwood Content,5,NO,0,1908,0.09,0.41,0.29
2018,May,Robbery,Manchester,Spur Tree,6,NO,0,1908,0.09,0.41,0.18
2018,May,Robbery,Saint Catherine,Ensom City,12,YES,0,1908,0.09,0.41,0.15
2018,May,Robbery,Westmoreland,Savanna-La-Mar,14,YES,5,1908,0.09,0.41,0.06
2018,May,Robbery,Hanover,Green Island,1,NO,0,1908,0.09,0.41,0.19
2018,May,Robbery,Saint Andrew,Harbour View,2,YES,0,1908,0.09,0.41,0.09
2018,May,Robbery,Saint Mary,Oracabessa,14,YES,0,1908,0.09,0.41,0.14
2018,May,Robbery,Saint Catherine,Hellshire,1,YES,0,1908,0.09,0.41,0.09
2018,May,Robbery,Saint James,Montego Bay South East,9,NO,0,1908,0.09,0.41,0.11
2018,May,Robbery,Saint Andrew,Seaview Gardens,10,NO,0,1908,0.09,0.41,0.08
2018,May,Robbery,Saint Catherine,Spanish Town,15,NO,0,1908,0.09,0.41,0.03
2018,May,Robbery,Kingston,Tivali Gardens,5,NO,1,1908,0.09,0.41,0.04
2018,May,Robbery,Saint Catherine,Waterford,9,NO,1,1908,0.09,0.41,0.1
2018,May,Robbery,Manchester,Christiana,2,NO,0,1908,0.09,0.41,0.19
2018,May,Robbery,Saint Catherine,Old Harbour North,11,NO,0,1908,0.09,0.41,0.48
2018,May,Robbery,Saint Andrew,Mona,10,YES,0,1908,0.09,0.41,0.09
2018,May,Robbery,Saint Catherine,Independent City,3,NO,0,1908,0.09,0.41,0.25
2018,May,Robbery,Saint Elizabeth,Santa Cruz,21,YES,0,1908,0.09,0.41,0.11
2018,May,Robbery,Manchester,Porus,7,YES,0,1908,0.09,0.41,0.22
2018,May,Robbery,Saint Catherine,De La Vega City,10,YES,0,1908,0.09,0.41,0.03
2018,November,Aggravated Assault,Saint Andrew,Harbour View,2,NO,0,557,0.03,0.12,0.09
2018,November,Aggravated Assault,Kingston,Denham Town,1,YES,0,557,0.03,0.12,0.08
2018,November,Aggravated Assault,Saint Thomas,Yallahs,2,YES,0,557,0.03,0.12,0.15
2018,November,Aggravated Assault,Saint Catherine,Spanish Town,2,NO,0,557,0.03,0.12,0.03
2018,November,Aggravated Assault,Saint Andrew,Mona,1,NO,0,557,0.03,0.12,0.09
2018,November,Aggravated Assault,Saint Catherine,De La Vega City,3,YES,0,557,0.03,0.12,0.03
2018,November,Aggravated Assault,Saint Catherine,Spanish Town,3,NO,0,557,0.03,0.12,0.03
2018,November,Aggravated Assault,Saint Ann,Ocho Ríos,1,YES,0,557,0.03,0.12,0.07
2018,November,Aggravated Assault,Saint Andrew,Papine,1,NO,0,557,0.03,0.12,0.1
2018,November,Aggravated Assault,Saint Andrew,Olympic Gardens,2,NO,0,557,0.03,0.12,0.08
2018,November,Larceny/Theft,Saint Catherine,Hellshire,2,NO,0,330,0.1,0.07,0.09
2018,November,Larceny/Theft,Saint Elizabeth,Santa Cruz,4,NO,0,330,0.1,0.07,0.11
2018,November,Larceny/Theft,Saint Andrew,Harbour View,3,NO,0,330,0.1,0.07,0.09
2018,November,Larceny/Theft,Kingston,Denham Town,4,NO,0,330,0.1,0.07,0.08
2018,November,Larceny/Theft,Saint Thomas,Yallahs,5,NO,0,330,0.1,0.07,0.15
2018,November,Larceny/Theft,Saint Catherine,Spanish Town,5,NO,0,330,0.1,0.07,0.03
2018,November,Larceny/Theft,Saint Andrew,Mona,2,NO,0,330,0.1,0.07,0.09
2018,November,Larceny/Theft,Saint Catherine,De La Vega City,5,YES,0,330,0.1,0.07,0.03
2018,November,Larceny/Theft,Saint Catherine,Spanish Town,2,YES,0,330,0.1,0.07,0.03
2018,November,Murder,Saint Catherine,Hellshire,3,YES,3,1283,0.08,0.27,0.09
2018,November,Murder,Saint Elizabeth,Santa Cruz,4,YES,4,1283,0.08,0.27,0.11
2018,November,Murder,Saint Andrew,Gordon Town,10,YES,10,1283,0.08,0.27,0.09
2018,November,Murder,Kingston,Denham Town,4,NO,4,1283,0.08,0.27,0.08
2018,November,Murder,Saint Andrew,Trench Town,6,NO,6,1283,0.08,0.27,0.23
2018,November,Murder,Saint Catherine,Lauriston,11,NO,11,1283,0.08,0.27,0.18
2018,November,Murder,Saint Andrew,Mona,3,NO,3,1283,0.08,0.27,0.09
2018,November,Murder,Kingston,Tivali Gardens,8,YES,8,1283,0.08,0.27,0.04
2018,November,Murder,Saint Ann,Moneague,1,NO,1,1283,0.08,0.27,0.24
2018,November,Murder,Saint Andrew,Mavis Bank,11,YES,11,1283,0.08,0.27,0.27
2018,November,Murder,Saint Thomas,Morant Bay,2,NO,2,1283,0.08,0.27,0.22
2018,November,Murder,Saint Thomas,Yallahs,1,NO,1,1283,0.08,0.27,0.15
2018,November,Murder,Saint Catherine,Spanish Town,14,YES,14,1283,0.08,0.27,0.03
2018,November,Murder,Saint Catherine,Greater Portmore North,5,YES,5,1283,0.08,0.27,0.15
2018,November,Murder,Saint Catherine,De La Vega City,13,YES,13,1283,0.08,0.27,0.03
2018,November,Murder,Kingston,Allman Town,6,YES,6,1283,0.08,0.27,0.1
2018,November,Murder,Saint Andrew,Payne Lands,6,YES,6,1283,0.08,0.27,0.14
2018,November,Rape,Saint Catherine,Hellshire,3,NO,0,630,0.08,0.13,0.09
2018,November,Rape,Saint Elizabeth,Santa Cruz,8,YES,2,630,0.08,0.13,0.11
2018,November,Rape,Saint Andrew,Gordon Town,4,YES,0,630,0.08,0.13,0.09
2018,November,Rape,Kingston,Denham Town,1,YES,0,630,0.08,0.13,0.08
2018,November,Rape,Saint Thomas,Yallahs,6,YES,0,630,0.08,0.13,0.15
2018,November,Rape,Saint Catherine,Spanish Town,5,YES,0,630,0.08,0.13,0.03
2018,November,Rape,Saint Andrew,Mona,6,YES,5,630,0.08,0.13,0.09
2018,November,Rape,Saint Catherine,De La Vega City,7,YES,0,630,0.08,0.13,0.03
2018,November,Rape,Saint Catherine,Spanish Town,5,NO,0,630,0.08,0.13,0.03
2018,November,Rape,Saint Andrew,Harbour View,2,NO,0,630,0.08,0.13,0.09
2018,November,Rape,Saint Thomas,Morant Bay,1,NO,0,630,0.08,0.13,0.22
2018,November,Robbery,Saint Catherine,De La Vega City,2,YES,0,1908,0.17,0.41,0.03
2018,November,Robbery,Saint Andrew,Maxfield Park,12,NO,0,1908,0.17,0.41,0.19
2018,November,Robbery,Westmoreland,Petersfield,5,NO,0,1908,0.17,0.41,0.09
2018,November,Robbery,Kingston,Allman Town,10,NO,0,1908,0.17,0.41,0.1
2018,November,Robbery,Saint Ann,Olympic Gardens,3,YES,0,1908,0.17,0.41,0.08
2018,November,Robbery,Hanover,Green Island,6,YES,0,1908,0.17,0.41,0.19
2018,November,Robbery,Saint Andrew,Waterhouse,10,YES,0,1908,0.17,0.41,0.07
2018,November,Robbery,Saint Catherine,Spanish Town,1,NO,0,1908,0.17,0.41,0.03
2018,November,Robbery,Saint Ann,Brown's Town,6,NO,0,1908,0.17,0.41,0.33
2018,November,Robbery,Manchester,Mandeville,18,YES,6,1908,0.17,0.41,0.19
2018,November,Robbery,Saint Andrew,Whitehall,5,YES,0,1908,0.17,0.41,0.06
2018,November,Robbery,Saint Mary,Port Maria,12,NO,0,1908,0.17,0.41,0.15
2018,November,Robbery,Saint Catherine,Lauriston,8,NO,1,1908,0.17,0.41,0.18
2018,November,Robbery,Saint Andrew,Gordon Town,8,NO,0,1908,0.17,0.41,0.09
2018,November,Robbery,Saint Andrew,Papine,15,NO,0,1908,0.17,0.41,0.1
2018,November,Robbery,Saint Andrew,Kintyre,20,YES,0,1908,0.17,0.41,0.44
2018,November,Robbery,Westmoreland,Negril,4,YES,0,1908,0.17,0.41,0.15
2018,November,Robbery,Saint Andrew,Cassia Park,7,YES,0,1908,0.17,0.41,0.09
2018,November,Robbery,Hanover,Lucea,2,NO,0,1908,0.17,0.41,0.09
2018,November,Robbery,Saint Catherine,Hellshire,12,YES,0,1908,0.17,0.41,0.09
2018,November,Robbery,Saint Elizabeth,Santa Cruz,20,YES,11,1908,0.17,0.41,0.11
2018,November,Robbery,Saint James,Montego Bay West,2,NO,0,1908,0.17,0.41,0.24
2018,November,Robbery,Manchester,Christiana,14,YES,0,1908,0.17,0.41,0.19
2018,November,Robbery,Saint Andrew,Havendale,22,YES,0,1908,0.17,0.41,0.26
2018,November,Robbery,Saint Ann,Ocho Ríos,20,YES,0,1908,0.17,0.41,0.07
2018,November,Robbery,Westmoreland,Savanna-La-Mar,8,YES,0,1908,0.17,0.41,0.06
2018,November,Robbery,Saint Andrew,Chancery Hill,14,NO,0,1908,0.17,0.41,0.26
2018,November,Robbery,Clarendon,Race Course,17,YES,0,1908,0.17,0.41,0.14
2018,November,Robbery,Saint Catherine,Edgewater,6,YES,0,1908,0.17,0.41,0.15
2018,November,Robbery,Saint Andrew,Red Hills,16,NO,2,1908,0.17,0.41,0.18
2018,November,Robbery,Portland,Port Antonio,20,NO,0,1908,0.17,0.41,0.4
2018,October,Aggravated Assault,Westmoreland,Savanna-La-Mar,6,NO,0,557,0.05,0.12,0.06
2018,October,Aggravated Assault,Saint Elizabeth,Black River,2,NO,0,557,0.05,0.12,0.38
2018,October,Aggravated Assault,Saint Andrew,Norbrook,4,NO,0,557,0.05,0.12,0.17
2018,October,Aggravated Assault,Saint Andrew,Molynes Gardens,1,NO,0,557,0.05,0.12,0.24
2018,October,Aggravated Assault,Saint Andrew,Havendale,3,NO,0,557,0.05,0.12,0.26
2018,October,Aggravated Assault,Saint Catherine,Spanish Town,3,NO,0,557,0.05,0.12,0.03
2018,October,Aggravated Assault,Saint Catherine,Hellshire,2,NO,0,557,0.05,0.12,0.09
2018,October,Aggravated Assault,Saint Elizabeth,Santa Cruz,8,NO,0,557,0.05,0.12,0.11
2018,October,Larceny/Theft,Westmoreland,Savanna-La-Mar,1,NO,0,330,0.05,0.07,0.06
2018,October,Larceny/Theft,Saint Elizabeth,Santa Cruz,4,YES,0,330,0.05,0.07,0.11
2018,October,Larceny/Theft,Saint Andrew,Norbrook,4,YES,2,330,0.05,0.07,0.17
2018,October,Larceny/Theft,Saint Andrew,Harbour View,4,YES,0,330,0.05,0.07,0.09
2018,October,Larceny/Theft,Saint Andrew,Havendale,3,YES,2,330,0.05,0.07,0.26
2018,October,Larceny/Theft,Saint Catherine,Spanish Town,2,YES,0,330,0.05,0.07,0.03
2018,October,Murder,Saint Andrew,Trench Town,10,YES,10,1283,0.08,0.27,0.47
2018,October,Murder,Saint Elizabeth,Santa Cruz,3,NO,3,1283,0.08,0.27,0.11
2018,October,Murder,Saint Andrew,Seaview Gardens,7,YES,7,1283,0.08,0.27,0.08
2018,October,Murder,Saint Andrew,Harbour View,4,NO,4,1283,0.08,0.27,0.09
2018,October,Murder,Saint Andrew,Vineyard Town,13,YES,13,1283,0.08,0.27,0.09
2018,October,Murder,Saint Catherine,Spanish Town,10,NO,10,1283,0.08,0.27,0.03
2018,October,Murder,Saint Andrew,Olympic Gardens,11,YES,11,1283,0.08,0.27,0.08
2018,October,Murder,Saint Andrew,Havendale,3,NO,3,1283,0.08,0.27,0.26
2018,October,Murder,Kingston,Tivali Gardens,6,YES,6,1283,0.08,0.27,0.04
2018,October,Murder,Saint Ann,Moneague,4,YES,4,1283,0.08,0.27,0.24
2018,October,Murder,Saint Catherine,Greater Portmore North,6,YES,6,1283,0.08,0.27,0.15
2018,October,Murder,Saint Catherine,De La Vega City,9,YES,9,1283,0.08,0.27,0.03
2018,October,Murder,Saint Andrew,Payne Lands,7,YES,7,1283,0.08,0.27,0.14
2018,October,Murder,Westmoreland,Savanna-La-Mar,15,YES,15,1283,0.08,0.27,0.06
2018,October,Rape,Westmoreland,Savanna-La-Mar,5,NO,0,630,0.08,0.13,0.06
2018,October,Rape,Saint Elizabeth,Santa Cruz,6,NO,0,630,0.08,0.13,0.11
2018,October,Rape,Saint Andrew,Seaview Gardens,1,NO,0,630,0.08,0.13,0.08
2018,October,Rape,Saint Andrew,Harbour View,7,YES,0,630,0.08,0.13,0.09
2018,October,Rape,Saint Andrew,Vineyard Town,2,NO,0,630,0.08,0.13,0.09
2018,October,Rape,Saint Catherine,Spanish Town,13,YES,2,630,0.08,0.13,0.03
2018,October,Rape,Saint Andrew,Payne Lands,11,YES,0,630,0.08,0.13,0.14
2018,October,Rape,Saint Andrew,Havendale,3,YES,0,630,0.08,0.13,0.26
2018,October,Rape,Saint Catherine,Greater Portmore North,2,YES,0,630,0.08,0.13,0.15
2018,October,Robbery,Saint Elizabeth,Santa Cruz,10,NO,0,1908,0.17,0.41,0.11
2018,October,Robbery,Saint Andrew,Gordon Town,2,NO,0,1908,0.17,0.41,0.09
2018,October,Robbery,Kingston,Denham Town,13,YES,0,1908,0.17,0.41,0.08
2018,October,Robbery,Saint Andrew,Trench Town,5,YES,0,1908,0.17,0.41,0.23
2018,October,Robbery,Saint Catherine,Lauriston,7,NO,0,1908,0.17,0.41,0.18
2018,October,Robbery,Saint Andrew,Mona,9,NO,0,1908,0.17,0.41,0.09
2018,October,Robbery,Kingston,Tivali Gardens,8,NO,2,1908,0.17,0.41,0.04
2018,October,Robbery,Saint Ann,Moneague,8,NO,0,1908,0.17,0.41,0.24
2018,October,Robbery,Saint Andrew,Mavis Bank,4,NO,0,1908,0.17,0.41,0.27
2018,October,Robbery,Saint Thomas,Morant Bay,1,NO,0,1908,0.17,0.41,0.22
2018,October,Robbery,Saint Thomas,Yallahs,2,NO,0,1908,0.17,0.41,0.15
2018,October,Robbery,Saint Catherine,Lluidas Vale,5,YES,0,1908,0.17,0.41,0.23
2018,October,Robbery,Saint Catherine,Greater Portmore North,2,YES,0,1908,0.17,0.41,0.15
2018,October,Robbery,Saint Catherine,De La Vega City,15,NO,0,1908,0.17,0.41,0.03
2018,October,Robbery,Kingston,Allman Town,12,NO,0,1908,0.17,0.41,0.1
2018,October,Robbery,Saint Andrew,Payne Lands,13,NO,0,1908,0.17,0.41,0.14
2018,October,Robbery,Saint Mary,Richmond,6,NO,0,1908,0.17,0.41,0.4
2018,October,Robbery,Saint Mary,Port Maria,6,YES,2,1908,0.17,0.41,0.15
2018,October,Robbery,Saint Andrew,Olympic Gardens,13,NO,0,1908,0.17,0.41,0.08
2018,October,Robbery,Saint James,Montego Bay South East,9,YES,0,1908,0.17,0.41,0.11
2018,October,Robbery,Saint Andrew,Waterhouse,4,YES,0,1908,0.17,0.41,0.07
2018,October,Robbery,Saint Andrew,Mona,7,NO,0,1908,0.17,0.41,0.09
2018,October,Robbery,Saint Andrew,Seaview Gardens,3,NO,0,1908,0.17,0.41,0.08
2018,October,Robbery,Saint Andrew,Whitehall,9,YES,0,1908,0.17,0.41,0.06
2018,October,Robbery,Saint Catherine,Ensom City,15,YES,0,1908,0.17,0.41,0.15
2018,October,Robbery,Trelawny,Lorrimers,6,NO,0,1908,0.17,0.41,0.06
2018,October,Robbery,Clarendon,Race Course,6,YES,1,1908,0.17,0.41,0.14
2018,October,Robbery,Saint Andrew,Papine,6,YES,0,1908,0.17,0.41,0.1
2018,October,Robbery,Saint Mary,Oracabessa,7,YES,0,1908,0.17,0.41,0.14
2018,October,Robbery,Saint Ann,Ocho Ríos,4,NO,0,1908,0.17,0.41,0.07
2018,October,Robbery,Portland,Buff Bay,15,YES,0,1908,0.17,0.41,0.19
2018,October,Robbery,Saint Catherine,Spanish Town,10,YES,2,1908,0.17,0.41,0.03
2018,October,Robbery,Saint Catherine,Hellshire,18,YES,3,1908,0.17,0.41,0.09
2018,October,Robbery,Saint Andrew,Cassia Park,4,NO,0,1908,0.17,0.41,0.09
2018,October,Robbery,Saint Thomas,Morant Bay,15,NO,0,1908,0.17,0.41,0.22
2018,October,Robbery,Kingston,Tivali Gardens,9,NO,0,1908,0.17,0.41,0.04
2018,October,Robbery,Saint Andrew,Harbour View,14,YES,0,1908,0.17,0.41,0.09
2018,October,Robbery,Clarendon,May Pen North,4,YES,0,1908,0.17,0.41,0.26
2018,October,Robbery,Saint Catherine,Twickenham Park,9,NO,0,1908,0.17,0.41,0.47
2018,October,Robbery,Saint Andrew,Duhaney Park,9,YES,0,1908,0.17,0.41,0.24
2018,September,Aggravated Assault,Saint Catherine,Spanish Town,4,NO,0,557,0.1,0.12,0.03
2018,September,Aggravated Assault,Hanover,Lucea,4,YES,0,557,0.1,0.12,0.09
2018,September,Aggravated Assault,Saint Catherine,Waterford,5,NO,0,557,0.1,0.12,0.1
2018,September,Aggravated Assault,Saint Andrew,Hagley Park,4,YES,0,557,0.1,0.12,0.39
2018,September,Aggravated Assault,Saint Catherine,De La Vega City,2,NO,0,557,0.1,0.12,0.03
2018,September,Aggravated Assault,Saint Catherine,Old Harbour Central,6,NO,0,557,0.1,0.12,0.26
2018,September,Aggravated Assault,Saint Catherine,Twickenham Park,8,YES,0,557,0.1,0.12,0.47
2018,September,Aggravated Assault,Clarendon,Hayes,8,YES,0,557,0.1,0.12,0.13
2018,September,Aggravated Assault,Saint Andrew,Barbican,3,NO,0,557,0.1,0.12,0.22
2018,September,Aggravated Assault,Kingston,Rae Town,1,YES,0,557,0.1,0.12,0.25
2018,September,Aggravated Assault,Manchester,Christiana,3,YES,0,557,0.1,0.12,0.19
2018,September,Aggravated Assault,Saint Catherine,Bridgeport,10,YES,0,557,0.1,0.12,0.16
2018,September,Larceny/Theft,Saint Catherine,Spanish Town,6,NO,0,330,0.21,0.07,0.03
2018,September,Larceny/Theft,Hanover,Lucea,4,NO,0,330,0.21,0.07,0.09
2018,September,Larceny/Theft,Saint Catherine,Waterford,10,NO,0,330,0.21,0.07,0.1
2018,September,Larceny/Theft,Saint Andrew,Hagley Park,11,NO,0,330,0.21,0.07,0.39
2018,September,Larceny/Theft,Saint Catherine,De La Vega City,9,NO,0,330,0.21,0.07,0.03
2018,September,Larceny/Theft,Saint Catherine,Old Harbour Central,4,YES,0,330,0.21,0.07,0.26
2018,September,Larceny/Theft,Saint Catherine,Gregory Park,5,NO,0,330,0.21,0.07,0.22
2018,September,Larceny/Theft,Saint Andrew,Kintyre,1,NO,0,330,0.21,0.07,0.44
2018,September,Larceny/Theft,Saint Andrew,Cassia Park,9,YES,0,330,0.21,0.07,0.09
2018,September,Larceny/Theft,Kingston,Denham Town,7,YES,0,330,0.21,0.07,0.08
2018,September,Larceny/Theft,Kingston,Tivali Gardens,1,NO,0,330,0.21,0.07,0.04
2018,September,Larceny/Theft,Saint Catherine,Bridgeport,2,YES,0,330,0.21,0.07,0.16
2018,September,Murder,Saint Catherine,Spanish Town,4,NO,4,1283,0.08,0.27,0.03
2018,September,Murder,Manchester,Christiana,4,NO,4,1283,0.08,0.27,0.19
2018,September,Murder,Saint Andrew,Payne Lands,8,YES,8,1283,0.08,0.27,0.14
2018,September,Murder,Saint James,Montego Bay South East,2,NO,2,1283,0.08,0.27,0.11
2018,September,Murder,Saint Catherine,De La Vega City,13,YES,13,1283,0.08,0.27,0.03
2018,September,Murder,Saint Catherine,Old Harbour Central,11,YES,11,1283,0.08,0.27,0.26
2018,September,Murder,Saint Elizabeth,Junction,9,YES,9,1283,0.08,0.27,0.1
2018,September,Murder,Saint Mary,Oracabessa,1,NO,1,1283,0.08,0.27,0.14
2018,September,Murder,Saint Andrew,Vineyard Town,10,YES,10,1283,0.08,0.27,0.09
2018,September,Murder,Kingston,Denham Town,5,YES,5,1283,0.08,0.27,0.08
2018,September,Murder,Kingston,Tivali Gardens,5,NO,5,1283,0.08,0.27,0.04
2018,September,Murder,Saint Catherine,Bridgeport,12,NO,12,1283,0.08,0.27,0.16
2018,September,Murder,Saint Catherine,Waterford,9,NO,9,1283,0.08,0.27,0.1
2018,September,Murder,Saint Andrew,Lawrence Tavern,9,YES,9,1283,0.08,0.27,0.18
2018,September,Murder,Saint Catherine,Gregory Park,2,YES,2,1283,0.08,0.27,0.22
2018,September,Murder,Hanover,Green Island,4,YES,4,1283,0.08,0.27,0.19
2018,September,Rape,Saint Catherine,Spanish Town,6,YES,0,630,0.11,0.13,0.03
2018,September,Rape,Hanover,Green Island,4,NO,0,630,0.11,0.13,0.19
2018,September,Rape,Saint Catherine,Waterford,10,NO,0,630,0.11,0.13,0.1
2018,September,Rape,Saint James,Montego Bay South East,11,NO,0,630,0.11,0.13,0.11
2018,September,Rape,Saint Catherine,De La Vega City,9,NO,0,630,0.11,0.13,0.03
2018,September,Rape,Saint Catherine,Old Harbour Central,4,NO,0,630,0.11,0.13,0.26
2018,September,Rape,Saint Catherine,Gregory Park,5,NO,0,630,0.11,0.13,0.22
2018,September,Rape,Saint Andrew,Lawrence Tavern,1,NO,0,630,0.11,0.13,0.18
2018,September,Rape,Saint Andrew,Vineyard Town,9,YES,1,630,0.11,0.13,0.09
2018,September,Rape,Kingston,Denham Town,7,YES,4,630,0.11,0.13,0.08
2018,September,Rape,Kingston,Tivali Gardens,1,NO,,630,0.11,0.13,0.04
2018,September,Rape,Saint Catherine,Bridgeport,2,NO,0,630,0.11,0.13,0.16
2018,September,Robbery,Saint Catherine,Greater Portmore North,3,YES,0,1908,0.01,0.41,0.15
2018,September,Robbery,Hanover,Chester Castle,3,YES,0,1908,0.01,0.41,0.28
2018,September,Robbery,Saint Andrew,Payne Lands,1,YES,0,1908,0.01,0.41,0.14
2018,September,Robbery,Westmoreland,Savanna-La-Mar,1,NO,0,1908,0.01,0.41,0.06
2018,September,Robbery,Saint Catherine,Hellshire,2,NO,0,1908,0.01,0.41,0.09
